timestamp,title,source
2025-07-29 20:09:00,AI trend 0,google
2025-07-28 20:09:00,AI trend 1,twitter
2025-07-27 20:09:00,AI trend 2,google
2025-07-26 20:09:00,AI trend 3,twitter
2025-07-25 20:09:00,AI trend 4,google
2025-07-24 20:09:00,AI trend 5,twitter
2025-07-23 20:09:00,AI trend 6,google
2025-07-22 20:09:00,AI trend 7,twitter
2025-07-21 20:09:00,AI trend 8,google
2025-07-20 20:09:00,AI trend 9,twitter
2025-07-19 20:09:00,AI trend 10,google
2025-07-18 20:09:00,AI trend 11,twitter
2025-07-17 20:09:00,AI trend 12,google
2025-07-16 20:09:00,AI trend 13,twitter
2025-07-15 20:09:00,AI trend 14,google
2025-07-14 20:09:00,AI trend 15,twitter
2025-07-13 20:09:00,AI trend 16,google
2025-07-12 20:09:00,AI trend 17,twitter
2025-07-11 20:09:00,AI trend 18,google
2025-07-10 20:09:00,AI trend 19,twitter
